<?xml version="1.0" encoding="utf-8"?>
<odoo>
    <data>
        <record id="send_mail_invite_portal_users" model="mail.template">
            <field name="name">Invite Portal Users:Send By Mail</field>
            <field name="model_id" ref="join_invitation_portal.model_invited_user"/>
            <field name="email_from">"{{ object.user_id.login}}"</field>
            <field name="email_to">{{ object.invited_user_mail}}</field>
            <field name="body_html" type="html">
                <table border="0" cellpadding="0" cellspacing="0"
                       style="padding-top: 16px; background-color: #F1F1F1; font-family:Verdana, Arial,sans-serif; color: #454748; width: 100%; border-collapse:separate;">
                    <tr>
                        <td align="center">
                            <table border="0" cellpadding="0" cellspacing="0" width="590"
                                   style="padding: 16px; background-color: white; color: #454748; border-collapse:separate;">
                                <tbody>
                                    <!-- CONTENT -->
                                    <tr>
                                        <td align="center" style="min-width: 590px;">
                                            <table border="0" cellpadding="0" cellspacing="0" width="590"
                                                   style="min-width: 590px; background-color: white; padding: 0px 8px 0px 8px; border-collapse:separate;">
                                                <tr>
                                                    <td valign="top" style="font-size: 13px;">
                                                        <div>
                                                            Dear <t t-out="object.invited_user or ''">Marc Demo</t>,
                                                            <br/>
                                                            <br/>
                                                            You have been invited by
                                                            <t
                                                                    t-out="object.create_uid.name or ''">Mitchell Admin
                                                            </t>
                                                            wants
                                                            to join,
                                                            <t t-out="object.user_id.company_id.name or ''">
                                                                YourCompany
                                                            </t>

                                                            <div style="margin: 16px 0px 16px 0px;">
                                                                <a href="/portal_signup_page"
                                                                   style="background-color: #875A7B; padding: 8px 16px 8px 16px; text-decoration: none; color: #fff; border-radius: 5px; font-size:13px;">
                                                                    Accept invitation
                                                                </a>
                                                            </div>
                                                            <!--                                                            <t t-set="website_url" t-value="object.get_base_url()"></t>-->
                                                            <br/>
                                                            --<br/>The <t
                                                                t-out="object.user_id.company_id.name or ''">
                                                            YourCompany
                                                        </t> Team
                                                        </div>
                                                    </td>
                                                </tr>
                                                <tr>
                                                    <td style="text-align:center;">
                                                        <hr width="100%"
                                                            style="background-color:rgb(204,204,204);border:medium none;clear:both;display:block;font-size:0px;min-height:1px;line-height:0; margin: 16px 0px 16px 0px;"/>
                                                    </td>
                                                </tr>
                                            </table>
                                        </td>
                                    </tr>
                                </tbody>
                            </table>
                        </td>
                    </tr>
                </table>
            </field>
            <!--            <field name="lang">{{ object.lang }}</field>-->
            <!--            <field name="auto_delete" eval="True"/>-->
        </record>
    </data>
</odoo>